Name,QuantityOnHand
Chess,12
"The Crew: The Quest for Planet 9",17
"The Crew: Mission Deep Sea",15
Canvas,6
Wingspan,2
"Forbidden Island",4
"Mysterium Park",14
"Nacho Stack!",25
Checkers,15
"Love Letter",30
"7 Wonders",2
"Yu-Gi-Oh! 2 Player Starter Set",14
"Secrets of Strixhaven Collector Booster Box",3
"Secrets of Strixhaven Draft Night",5
"Secrets of Strixhaven Play Boosters",10
"Lorwyn Eclipsed Commander Deck Blight Curse",4
"Lorwyn Eclipsed Collector Booster",8
"Lorwyn Eclipsed Theme Deck - Pirates",5
"Lorwyn Eclipsed Theme Deck - Angels",6
"Marvel Spider-Man Play Boosters",2
"High Rollers Club Pin",48
"Game Knight Tote",31
"Game Knight Mug",10
"Rider-Waite Tarot Deck",4
"Game Knight Dragon Mug",9
"Game Knight and Princess Tee S",5
"Game Knight and Princess Tee M",4
"Game Knight and Princess Tee L",6
"Game Knight and Princess Tee XL",7
"Game Knight and Princess Tee XXL",4
